Words,NeighbourDistance
outlearn,8
barraged,7
outmove,7
unclasp,6
sculpsit,8
consoled,8
succumb,6
scythed,6
regrind,6
oppress,7
snubbed,7
began,8
disprize,7
shinning,5
catting,6
mistitle,7
towed,7
iodizing,7
snipped,6
fiking,5
tilted,6
outrap,7
forbbore,8
mackling,6
called,6
precited,8
inthrall,5
unsnarl,7
berated,5
aneled,6
waving,6
refry,6
lauded,5
sank,6
distract,8
bedaubed,7
reinsert,4
resend,4
regain,6
pried,6
rewrote,6
reinvest,6
pettle,3
intitle,5
unhull,5
insulate,6
dandle,6
repost,8
scabbled,8
relocate,7
overran,5
keppen,7
disrobed,6
geed,5
uncored,6
heeze,8
murdabad,7
jigsawn,8
realized,6
coffered,5
teed,7
vamoose,6
hollowed,6
revolted,7
ingather,8
preclean,8
showered,4
thawed,5
muttered,8
appal,7
skitter,6
queried,4
deterged,5
decipher,6
roughen,5
reoutfit,7
ebonize,7
hampered,5
rebbred,5
groaned,5
reknot,6
dejected,8
misbill,7
reclean,6
repraise,5
arrive,6
thrashed,7
backstab,5
basify,6
refixed,6
bestir,6
fugling,7
overmix,7
arrided,4
rewired,5
blabbed,8
dispirit,7
thrive,7
overloan,7
cupeling,7
escalate,8
outgrew,5
ruddle,6
worsen,6
jingled,6
geeing,7
bisected,6
unglued,4
hogtied,6
predrew,6
readvise,7
hewn,6
bossed,6
whinnied,6
intreat,7
outpitch,7
enthral,6
nigrify,6
barged,8
empoison,7
hoodwink,5
noising,5
candling,5
confined,7
dismiss,7
uncaking,7
retar,6
franked,7
outact,6
lyse,4
sawed,7
maximize,8
undereat,6
reheard,8
oufought,7
cloy,5
uncrown,7
oviposit,6
complain,8
used,3
rouged,6
miswired,7
cheapen,8
outdevil,4
outbuilt,8
filmed,6
trachled,6
abscise,7
omitted,4
fried,5
adduced,6
caught,7
vrilled,7
estrange,7
mashed,7
rewwove,7
nidify,7
opposed,6
miche,5
reify,6
stoned,5
purpled,7
lysing,7
pillaged,5
clamped,6
appeased,5
noosed,4
stormed,6
outsonet,6
cozen,5
baizing,8
overblow,8
photoset,8
inundate,8
dewormed,5
restore,7
splayed,7
reck,6
typify,7
wangled,6
retitle,5
outissue,5
outfoot,8
strained,6
reimaged,8
motorize,8
dapped,7
upttore,7
chimed,7
regraph,7
palmed,5
prenoted,3
oriented,7
gnawn,8
preremit,7
hanged,7
recensor,8
misseat,6
impale,6
obelise,5
debased,8
opaquing,8
delayed,4
rebuked,6
preunite,7
troked,5
betided,8
acquaint,8
smashed,5
misthrew,6
pipetted,7
bewitch,6
militate,8
boohooed,6
anted,7
bootlick,7
worsened,5
peised,4
bemuse,7
mistook,6
mutated,7
overbake,6
violated,6
berhymed,5
carpeted,7
emplace,7
refiring,5
replan,6
mogging,7
hath,7
realised,6
shooed,5
bungled,5
unhaft,7
bartend,8
aphorize,8
drafted,4
proceed,6
neaten,6
redebit,5
admix,7
deplumed,8
outflown,7
retotal,6
oversaw,7
foraged,7
outcure,6
resorb,6
skited,3
fitted,4
flanged,7
shrunk,7
resought,6
redrill,7
divest,5
bask,6
outman,7
conjured,5
cashed,7
evaluate,8
uttered,6
reamend,6
subbing,6
entwined,7
bade,6
propped,7
slung,7
outpeep,7
gan,6
governed,6
magged,6
sickened,8
postheat,8
uncoil,6
pulled,7
regamble,6
reshod,6
pounded,5
pervade,5
overbank,8
sucked,7
foretell,8
gestured,5
lowered,5
blushed,6
commoved,5
damped,6
belove,5
lilted,5
revend,4
groveled,7
subgape,6
spurred,5
defused,6
borrowed,6
sniggled,5
palled,3
hallow,6
dusted,7
forebode,7
complect,7
unsort,5
endowed,4
pooled,5
pacified,6
flopped,7
griding,7
depicted,6
indorsed,8
reinject,6
written,6
misseem,7
scrammed,7
foresaw,7
eluding,7
aurified,6
borne,4
ruined,5
mammer,6
outflee,7
beheaded,6
jammed,5
behold,6
respiced,6
acceded,6
injure,6
rimpled,4
redded,6
immerge,7
eviting,7
perfumed,6
demean,7
impinged,7
skydive,7
ochering,8
convoked,8
deduct,5
deforced,5
replace,7
skived,8
outgrown,7
stuccoed,8
restrung,8
glassed,7
outdraw,7
demount,6
commix,5
sowed,5
devote,6
hatched,5
lase,7
rekindle,7
averted,7
palling,6
gaggled,8
misbuilt,7
recable,7
mibound,6
swaged,7
redesert,8
outbelch,7
baked,6
diverted,7
recrown,5
carven,6
excide,5
rejail,6
premixed,5
reshoe,7
convened,6
whigged,7
outtell,6
rethank,7
outswirl,6
survive,7
restung,8
placated,7
ubound,7
outrhyme,7
sprained,7
restrap,5
eaten,8
bulldoze,5
ballyrag,7
kedging,7
soled,4
spanked,8
interran,7
aped,5
merited,8
gufought,8
flyblew,6
canceled,6
misrefer,7
deign,7
overlove,8
soogeed,5
rendered,7
forwent,6
envied,6
appoint,8
revelled,6
bedizen,5
broddle,7
dement,6
overfed,6
bewail,6
isling,4
ionize,6
waylay,5
narrate,6
devest,3
covet,5
pupped,7
regrasp,7
chuted,7
unnerve,6
hided,6
resolved,4
restrove,7
adopt,5
caked,6
flench,7
dupping,7
penalise,7
befogged,7
rumor,6
repatrol,8
shrunken,7
unbait,7
embolden,8
overglut,8
splined,7
mismake,6
remind,5
foist,5
tholing,7
lazed,7
medaling,4
ensiling,8
reembark,8
buttled,5
sewed,4
refiled,5
indite,6
bled,4
heated,5
sponged,5
scumbled,6
battered,5
averaged,6
purvey,5
relet,5
overeyed,5
underfed,7
outtrade,4
outlash,7
funneled,6
roared,3
caned,4
stalled,7
brighten,6
vialled,8
flensing,5
outsung,7
ululated,7
regrab,6
abase,6
succeed,6
fress,5
enjoy,6
involved,8
activize,8
flung,8
powdered,6
arranged,6
lumine,3
liaise,6
printed,5
barreled,8
spoking,7
rerisen,3
regive,6
deplaned,5
lashed,7
outglare,8
fenced,5
vex,5
rolled,5
recapped,5
hawsed,6
muring,6
regiven,7
adulate,6
instal,7
overjoy,7
ploat,4
uptear,6
intended,7
besot,7
maddened,6
swilled,6
outgazed,5
eagled,4
lighted,7
outdare,7
reannex,5
craunch,8
boodling,8
patched,8
immunize,7
disyoke,7
hording,7
dibbed,8
maculing,6
made,5
uploaded,7
recolor,8
blatting,8
ensiled,7
concoct,7
phrased,5
looped,6
benumb,6
chased,7
vegetate,7
unchain,7
permed,5
overwind,7
troubled,7
outwalk,8
reground,6
presumed,6
incurved,8
lapidate,7
hasting,5
outsaint,8
macerate,7
picked,4
twigged,5
doubted,7
bewray,6
coedit,6
refeel,5
brined,6
depose,5
posited,6
outblew,6
belayed,6
nurtured,7
resawn,5
respread,6
upswept,7
sizzled,7
obvert,6
repoint,5
presolve,8
outclass,7
guyed,6
kyoodled,6
gibbeted,6
staffed,7
unloop,6
garbed,7
outstare,7
pelorize,7
erected,7
outfame,7
innerved,6
lengthen,8
missang,7
denied,4
censing,6
decamp,5
unarm,5
craved,4
gagged,8
postpone,8
rebraced,5
vectored,6
bopped,3
heaped,3
shelved,5
treadled,8
diffract,8
unthorn,8
reissued,6
entrust,7
redyed,7
detoxify,7
sprouted,5
barded,6
unhusk,6
underlet,7
hoise,6
rebend,4
feezed,5
restaged,6
carded,6
govern,5
beaten,6
found,6
longeing,6
outfish,7
retasted,6
pollute,6
disbud,7
vanning,7
upbbore,6
respice,7
tableted,6
stopped,5
profiled,6
bitted,6
defuse,6
respaced,7
bemuddle,8
swept,7
wattling,6
manent,7
suffuse,7
wending,7
swamped,6
relower,8
titivate,7
acidized,6
smeared,6
subvene,6
outstep,6
rename,6
stetted,5
collated,5
framed,6
unflank,6
illude,6
inearth,7
redilate,7
grew,4
tubed,5
extol,8
packaged,6
trebled,5
reguide,7
outbully,8
jacketed,5
licenced,7
fordone,6
canonise,5
unlive,4
unloosed,6
crammed,8
blobbing,8
snigged,5
revoted,7
colonise,8
imbedded,5
voided,6
squawked,6
tangled,7
pedaling,8
shew,4
rhymed,3
dyked,7
outpurl,7
claucht,7
rereel,7
subdate,7
rosed,5
precess,6
moored,5
enforce,6
forswore,7
pommeled,6
admire,5
osmosed,6
expel,7
outgamed,5
kidnaped,7
trodden,4
drooled,4
exposed,6
reprice,7
iodated,6
deride,5
detonate,5
demolish,7
jostled,5
offered,6
overbook,8
cuitled,7
redating,8
offended,6
swingled,5
zoned,5
shrove,6
vacated,5
gelled,8
bludging,8
outspurn,6
offset,5
galled,5
inlace,7
curetted,7
calorize,7
eruct,4
misact,5
untilt,7
empanel,7
unmix,5
slummed,7
enwwoven,8
usurp,4
dunk,4
dueled,5
enrolled,4
feruled,6
accouter,6
misaver,6
fuddled,6
corroded,6
empolder,6
sporing,7
tolerate,5
fowent,7
crumbed,5
unjammed,5
hazed,5
debeak,7
grouted,7
overpaid,7
comprise,8
snyed,3
conned,3
caged,8
unbrooch,4
unbosom,7
raided,5
implead,6
unbuild,6
solved,6
crippled,7
reunite,4
haunted,3
earned,3
faded,7
reengage,8
tarred,7
toweling,5
bilging,7
absterge,7
obelised,7
ingest,7
wattled,4
joggled,6
swore,7
slumming,8
endued,5
reword,7
distain,7
outrange,6
gwine,7
misdraw,7
fobbing,7
overgild,4
venged,4
pled,3
meted,6
kyoodle,7
fuzzed,7
reembody,7
unstop,6
etched,4
tested,5
rehone,6
threap,6
reshave,6
amerce,6
glued,4
nailed,4
figged,6
immerse,7
wiving,6
resinate,7
dispend,6
espoused,8
velating,8
obscured,7
reladle,5
finagled,8
transact,7
snarled,6
mayest,6
untruss,4
outtrump,8
palsied,5
swagged,6
recycled,8
outblush,7
resolder,8
iodating,6
goaded,7
adfreeze,7
avow,5
casefy,6
impart,6
gained,4
forced,5
breached,6
accreted,7
infuse,6
reusing,7
bogue,6
unwigged,6
founded,6
set,7
underlap,7
squegged,8
medicate,7
fleeced,5
finished,6
jolted,4
blobbed,5
rusted,5
accrued,5
welded,8
astringe,7
hadst,8
retemper,7
furcated,6
preposed,6
attired,4
ionized,4
lanced,6
reswear,6
cooeed,8
highjack,8
underpin,8
spilled,6
reelect,6
cupelled,4
spooled,7
flighter,8
overbill,5
orbited,5
revetted,5
ruptured,5
outrode,7
undarken,7
mothered,6
whelm,6
hunted,6
cowhided,6
jiggled,5
wounded,6
bartered,6
empaled,6
largen,7
unfolded,6
enthuse,7
sieged,5
chopped,5
sleeked,5
gilded,4
housed,5
buries,6
debar,7
prolong,7
entreat,6
funded,5
allured,5
mumbled,5
keyed,6
accuse,6
higgled,7
outsang,7
hived,6
overact,7
crossed,7
misstart,8
remerge,6
elided,5
unitized,7
schlep,6
paid,4
girt,7
reduced,5
exult,5
rooed,4
laden,6
outgrin,7
impede,4
added,6
bowelled,7
salify,5
whaled,7
preweigh,7
given,8
outquote,8
rehang,6
outbrag,7
proclaim,5
reordain,7
devolved,6
froze,5
rarefy,7
adverted,7
quicken,7
clubhaul,8
hepatise,7
inveigh,8
suppress,7
uncap,7
reinform,6
retiming,7
scripted,6
tempt,7
lorried,7
unberth,5
unplait,8
attested,8
fructify,8
mandated,6
imbibed,5
gyrified,7
retell,7
immersed,7
restress,7
discolor,7
laureled,5
outvied,6
reopened,8
outwrite,8
kicked,3
imbed,6
restir,5
becharm,8
unbaling,7
loathed,6
secreted,7
inwrap,6
locked,7
wafting,7
pepped,7
forsaken,7
nielloed,8
esterify,7
foredo,7
crimple,7
unbladed,8
overgilt,6
redrive,7
solidify,8
divulge,6
indagate,7
preapply,7
outbowl,8
hinnying,7
ebonised,6
yelled,7
repaving,8
argued,6
islanded,4
slurred,7
replant,7
amated,5
remarket,7
spritzed,6
issued,7
outwater,5
unbar,8
despited,5
hennaed,5
steamed,5
numbed,5
expunged,7
thieve,5
chicaned,6
elevate,7
amortize,6
bowse,7
execrate,8
outlined,5
bundled,7
envenom,7
declutch,8
risked,7
enclasp,7
outfamed,4
puttied,6
debase,5
borated,7
outkick,5
oblige,6
overmelt,7
supplant,6
ripen,5
mensed,4
deseam,8
extolled,7
outkiss,7
mired,7
overwore,6
outvenom,7
cored,8
outskill,8
herded,5
outread,4
outvie,6
praised,5
preclose,6
created,6
unbit,6
incused,5
fixated,7
mythify,7
tinted,4
cranked,7
enfacing,6
retrack,6
rampaged,8
fueling,6
outedge,5
steeped,8
quantify,7
unlaced,5
pursed,6
inhere,7
cascaded,7
unbonnet,7
reoccur,6
encrypt,7
divvies,7
invocate,8
outbbled,8
heezing,6
preboil,7
scart,5
stunted,5
outsee,7
hiccuped,5
execute,7
ising,5
assume,5
ascended,8
impugn,5
thrown,7
preerect,7
lugged,6
detached,5
bleared,6
kyanized,6
inserted,5
crated,5
misused,5
ferruled,7
embosom,6
imaged,3
faked,4
flensed,6
lionize,6
piloted,7
eff,7
unbuilt,6
wambling,8
missort,8
engirded,5
remised,5
sublimed,6
pectize,7
undouble,8
outking,8
perorate,7
canaled,6
unweave,6
encoded,6
reforge,6
leavened,8
subcool,7
wert,8
unloaded,8
densify,5
deduced,4
blued,5
rezoned,5
heralded,7
outtire,4
outpoint,7
disunify,8
reglued,6
enforced,5
reframed,6
quibbled,7
begun,8
misprise,7
shouted,7
misjoin,6
imposed,5
seamed,5
fizzled,6
branched,6
prorate,7
censored,6
swiveled,6
quenched,6
globed,7
beclasp,5
rewarn,7
unspeak,7
hight,8
supplied,6
mundify,7
cooled,4
fuzed,7
outswung,6
unpeg,6
outblot,5
juggled,7
recement,7
ensured,5
wedged,6
uncork,5
rezone,5
likened,6
hydrated,8
unmuzzle,7
prewire,6
expiate,5
sifted,5
outsift,6
bunched,5
oiled,7
reinvoke,7
anchored,4
pictured,8
tousing,7
slowed,6
aminated,5
shaded,4
formed,8
outstole,7
ironed,7
tedding,8
arylated,8
outargue,8
skewered,7
cleeking,7
embrue,8
branning,7
marinate,8
puckered,6
bended,6
frizzes,7
unbound,6
buffered,6
outfly,8
perspire,7
tied,5
unseam,7
epilated,7
clept,6
doweled,5
jawboned,6
bedimmed,8
prewrap,8
buttoned,5
tamped,5
repay,5
bored,4
coticed,5
carve,5
startled,7
overurge,8
notified,8
preclude,5
remold,6
lave,6
jellify,7
opiating,7
contrive,6
mistreat,8
cluing,6
seduce,6
misstyle,8
reveling,7
befoul,6
gamed,7
redying,7
yielded,6
laicize,6
unmiter,6
outwave,5
contain,5
outeate,6
requited,6
presee,5
denote,6
corned,7
overplow,8
flited,4
grilled,6
defuze,6
outjump,7
valving,5
nig,8
crotched,8
is,6
tetanise,8
blurt,7
preadmit,8
loping,7
defamed,5
unpacked,7
convince,7
insculp,5
unmold,5
quoted,6
misruled,8
flyting,7
agnized,5
chafed,5
salified,8
outcurse,7
freed,4
lobbed,5
skimped,7
outsound,7
assert,6
readied,6
connive,7
malleate,7
clarify,7
maligned,7
spatting,7
lamed,7
outpity,8
diffused,6
mogged,4
unmerged,6
unbox,8
betrayed,5
sired,4
healed,4
gypped,5
het,7
bellowed,6
jaded,6
rehammer,7
martyred,7
relever,7
enhance,6
evited,5
abut,6
replate,7
handsew,5
menaced,5
yodeled,6
endanger,7
befuddle,6
premodel,8
disbar,7
reendow,5
reharden,7
aurify,5
grok,6
cohered,7
reamass,5
begat,8
kittling,8
soldered,8
prejudge,7
inducted,8
outspat,7
insulted,5
predated,7
embay,7
pronated,6
buried,5
hocused,6
demote,5
repel,5
impeach,5
imparted,6
touzled,7
retin,7
outbbred,8
reanchor,8
toppled,5
raked,4
popped,3
loved,6
admitted,6
furnaced,6
cloyed,5
entered,5
knobbled,4
symboled,5
annoyed,7
prorogue,7
cocked,3
woken,5
fleyed,6
define,4
twined,7
vinylate,7
nitrify,7
dabbed,8
resonate,6
retruded,6
negate,6
crummed,5
hinted,6
uspoke,6
redeed,4
girded,4
whiled,8
veluring,8
disseat,7
reyoke,7
outspied,6
liaised,7
undersaw,7
trog,7
unfixed,5
mantled,6
rebill,7
timbered,7
adjudge,6
indorse,6
mismount,8
refaced,4
melted,6
nazified,7
supinate,6
slatted,5
fletch,7
striated,6
honed,4
slogged,3
stoved,7
misjudge,7
uncaged,6
bepaint,8
threshed,8
uptilt,6
cower,6
overbait,6
moved,5
shadowed,7
obviate,7
missung,7
rewax,5
unlead,7
predoom,7
unlatch,6
ted,7
outmatch,8
ewound,6
reenjoy,6
prevised,6
praelect,7
accrue,8
reindict,7
inbbred,8
reemploy,7
predined,6
vising,6
satisfy,8
impelled,8
motorise,6
misstate,7
descried,6
hesitate,7
outhire,7
prepaved,5
braze,6
reviled,5
kinked,8
focalize,7
babbitt,7
forfend,6
harrowed,5
depraved,7
dibbing,6
rearise,7
dug,8
prettify,7
outbribe,7
inspirit,7
misread,7
dwindle,7
blurred,5
rethread,6
parried,5
jarovize,6
approved,8
uncinch,7
threw,5
rooted,8
divinise,7
quired,3
tummed,5
faze,6
hallowed,6
repaired,6
frilled,6
prepay,7
reoblige,5
reinduce,7
notched,7
imbolden,7
bluffed,7
prebade,7
overshot,8
consumed,7
regird,5
bathed,5
elide,6
denounce,8
riped,8
uncollar,6
dally,5
resile,5
enliven,7
reinduct,8
codified,6
awaked,8
stellify,7
tussled,5
whipped,5
haen,6
overhunt,7
scramb,6
unsnap,7
abridge,7
smoothen,7
bestowed,7
outstung,8
peculate,6
deceived,5
kedged,7
restable,8
fuzing,7
engross,7
impound,5
subtend,6
towered,5
stained,6
pent,6
bemused,8
misframe,6
unseat,7
damnify,8
overeate,6
leant,4
readopt,8
harrying,8
tickled,8
velarize,7
begemmed,6
unbitted,6
rued,5
rebale,6
throned,5
drabbed,5
mopped,7
begrudge,7
wiped,4
blared,6
misfield,6
belted,4
mimed,6
caseated,5
desorbed,6
walled,7
smoodge,8
outblown,7
retaste,7
propound,7
sned,8
garoting,5
caponize,6
endue,7
traipsed,8
winkling,5
imponing,8
refilled,6
checked,7
addrest,7
softened,6
avenge,5
strangle,6
cense,7
mollify,7
recaning,8
fostered,8
redock,5
intomb,7
treated,5
rankled,6
gimme,6
breezed,8
dibbling,7
outglow,6
toweled,6
reshared,7
sibilate,8
recabled,5
decouple,6
redate,7
ungirdle,7
rewake,6
aligned,6
expire,5
unglue,6
coded,4
chivied,7
avouch,7
jemmies,6
stooged,6
disown,8
prechill,8
incurred,5
tortured,7
degust,7
foredate,6
taxed,3
dosed,5
expound,5
pained,6
outjest,5
burked,7
restrict,5
revoting,7
flogged,4
cleared,6
vitiate,5
tost,7
jimmied,5
bruted,6
miaul,7
recurved,7
frighten,6
coextend,5
hoveled,7
daunt,6
rerose,6
pulsate,7
entangle,8
collied,5
garbled,6
overgrew,7
briefed,4
razeed,6
stonker,6
halve,4
arise,6
demising,8
anodized,8
miswrote,7
unround,5
revoked,5
amerced,6
sphering,6
chained,5
begged,6
strow,5
inured,6
depone,6
outeat,6
license,6
loaded,3
handed,5
spake,5
wadded,5
endear,4
redarn,7
cabbling,7
quell,6
touched,6
bemeaned,5
booted,3
foamed,4
jacked,5
ransomed,7
evince,6
sprayed,5
gambled,8
reffroze,8
doused,4
located,4
aviate,6
dought,6
unpin,7
aggrieve,7
inthrone,5
unwwove,7
repaper,5
celled,4
dupped,5
deprive,7
twangled,7
mown,7
guggled,7
reobject,6
relearn,4
retax,7
dampened,7
biking,5
invent,5
innovate,8
greened,6
outeaten,7
prewarm,8
divorced,6
doth,7
reweave,6
uncaked,6
inquire,7
splinted,6
assured,5
satined,6
crippied,7
emerge,5
deburred,7
remail,7
palliate,7
inthral,7
firefang,7
inflict,6
encircle,7
outwaste,7
emplaced,7
scrouge,7
debrief,7
outsail,7
reabsorb,7
naging,8
effected,7
sanctify,7
coated,6
dishelm,6
misplace,8
tricing,7
homed,7
unsling,6
legalize,7
blessed,7
exuding,5
denude,5
darkled,7
unveil,6
mobbed,7
batfowl,7
abscind,7
overcloy,8
dighting,8
tared,5
plicated,7
deify,5
unman,7
resurged,6
cached,8
outvoice,8
welsh,8
misdrawn,8
replaned,6
ret,5
tholed,3
probed,5
serrated,5
jeweled,7
subduce,7
begird,8
copulate,6
outsay,8
describe,8
unbench,6
interrun,7
foreshow,8
gadding,7
resell,8
convoyed,7
reice,6
quiring,8
regelled,8
cowk,5
decant,5
enwind,5
delist,6
chastise,6
opsonize,6
disannul,7
lagged,3
flapped,5
rescued,7
trow,8
chivvied,6
unpenned,7
cabble,7
proposed,5
coveted,6
mistimed,8
recost,5
rased,6
uncoat,8
withdrew,7
lysed,5
inurn,5
munch,6
bemired,4
vised,7
stablish,6
kittlest,8
pardoned,8
disclaim,6
bilked,4
robed,5
strewn,6
overfag,6
hoarded,8
weighman,7
kerneled,7
misvalue,7
immerged,8
poppling,7
upfold,6
chortled,6
rechart,7
cleaved,7
reswore,5
sold,7
bereave,6
batteled,5
booked,6
immesh,7
included,8
preerupt,8
outbleed,8
preknit,6
sueded,7
coffing,6
charged,6
resight,5
didst,5
piqued,4
jerked,5
pule,5
pranked,4
shirked,4
subdued,6
outface,7
unfiling,8
merged,6
predeny,5
eking,7
idiotise,8
glazed,5
realter,6
coined,4
fused,5
unsteel,5
outpreen,6
tedded,5
unhood,5
annul,5
appose,5
hae,6
mounted,8
reyoking,7
enacted,8
upthrown,8
enslaved,6
redemand,7
imponed,7
farcing,4
anoint,8
outttore,7
bugging,6
emit,5
betray,7
regovern,7
atomize,5
boiled,6
disyoked,5
misfocus,8
beholden,7
rebuilt,7
poached,5
measured,6
repark,6
horded,4
punted,6
craning,7
behead,5
rebury,6
destine,6
eluted,6
illumine,6
periling,8
incaged,4
pieced,8
catalyse,8
recoiled,6
unbind,8
reoccupy,7
greased,7
atoning,8
exploded,8
outfable,8
gript,6
reseal,7
chelated,5
hied,7
outgame,7
swathed,6
compel,7
theorize,6
tutoyer,6
ledged,5
reeject,6
annexed,8
repurify,8
caroused,5
propend,5
waxed,5
devalued,4
reversed,6
refacing,5
prevail,5
troat,7
fabling,7
moos,6
withed,4
napped,6
dandify,7
scummed,7
poss,5
caved,6
excuss,5
clued,6
reviewed,7
subvert,7
betide,4
unfile,5
rebind,7
analyze,7
swagging,7
portend,7
premarry,7
rerising,7
quantize,7
hubbed,5
scraped,7
bopping,6
slipped,7
went,6
thieved,7
monetize,6
intuit,6
tolled,7
perjure,7
gamming,7
spelled,6
entombed,6
hushed,5
accursed,6
serviced,6
vesicate,8
outgun,7
ignored,5
coerced,5
avert,7
outweave,7
minimise,7
lambaste,8
deny,6
styled,5
tethered,7
arride,5
abhor,7
miscall,8
scrimped,8
rebutton,7
traduced,8
outwill,8
preannex,5
rehinged,6
reschool,8
trindled,5
culled,5
trouped,7
fluming,6
fettled,5
outtrot,7
unwheel,8
feminize,7
throve,6
rejudge,6
evert,5
leveeing,6
rehide,6
nudged,6
attest,7
cohobate,5
backbite,8
enwrap,6
tried,7
reaffect,7
exceeded,6
kindled,6
peruse,6
chousing,8
impark,7
miswrite,8
proponed,8
unwish,8
embraced,7
absorb,7
overarch,6
upbraid,6
kitted,5
whooped,4
atoned,7
giftwrap,7
unfringe,7
differ,7
upbuilt,6
repruned,7
outgush,7
refire,6
vivified,6
specked,7
fortify,6
unreeve,6
sullies,7
eternise,6
carries,6
rigged,6
bespeak,6
psych,6
revoice,5
valorise,7
smirched,8
recommit,8
faradize,8
closed,6
outdrew,7
relieved,8
unbolt,6
faff,7
ungarter,7
peopled,6
outloved,7
paralyse,7
shackled,6
pigged,6
basseted,6
invoked,5
valued,6
outyield,8
dissuade,8
outpry,4
oust,5
tumefy,7
unsoled,7
denning,7
preplace,4
relaid,6
poppled,6
foreseen,6
labelled,6
extruded,7
cherish,8
liquated,6
reached,6
ungird,6
explored,6
canopied,4
chipped,5
diluted,8
outtrick,7
distort,7
evolved,4
pettled,5
propel,7
outlimn,8
disowned,7
dratting,6
buttle,4
outtease,8
prefixed,4
raised,8
outfroth,8
calve,6
readapt,7
discern,6
emend,6
infected,6
scalped,7
outkill,6
fluked,6
enounce,7
yipped,6
assented,7
hung,3
spag,6
citify,7
empaling,5
jabbing,6
bedabble,7
gratify,6
proven,7
handfeed,6
heize,4
beguile,6
jilted,7
underdug,7
ankylose,8
refuged,6
narrowed,7
overcrop,8
impaste,6
regraft,6
bought,7
degummed,6
dislimn,7
famished,5
affirmed,5
voiced,5
sugared,6
snig,5
lisped,6
enroot,8
mustered,8
divining,4
dyking,5
woven,8
outquaff,8
bewwept,7
outrove,6
enfeoff,7
sashay,6
repin,6
boozed,5
riddled,7
regrease,6
logged,5
dandled,5
swapped,6
demitted,5
marred,6
solarize,7
decanted,7
incur,7
outlead,7
cosing,6
defray,7
reshined,4
restain,8
atomized,7
enfold,7
shrieked,6
brandied,5
whirried,8
blest,5
obduce,5
pave,6
attract,7
paized,4
jeered,4
evaded,6
cudgeled,5
inhaled,5
iterate,6
boult,8
discased,6
preage,6
enrobed,6
retape,6
sown,7
imported,7
unrust,7
debunked,6
brambled,5
relaxed,7
unwomb,8
filleted,8
reinsist,5
kyanise,7
jigged,4
tubbed,4
potted,6
desorb,7
beriming,7
demeaned,5
sobered,6
forgot,6
cuitle,6
armed,4
archived,8
outpass,7
figging,5
regained,4
repelled,4
chilled,6
extended,8
knapping,8
doff,6
pamper,7
designed,6
invented,6
outraved,6
unice,5
procure,6
rewiden,4
rebudget,8
gonna,6
repugn,7
overlive,7
hocusing,6
forewent,8
ennoble,6
forsake,6
decocked,4
nicked,4
swayed,5
absorbed,7
begirt,5
retoast,7
dulled,5
pricked,7
swum,6
rotted,7
forsworn,8
sueding,7
rooked,3
flooded,5
sealed,5
drugged,7
outrang,6
unmesh,6
defied,5
retinge,7
allotted,8
yaff,5
impawn,8
grounded,7
deplore,7
urbanise,7
outwing,7
seclude,6
handled,5
excided,5
drowned,6
restated,7
tissuing,6
signa,6
blanked,6
lour,8
stravaig,7
broider,7
indulged,5
enfaced,6
unrhyme,7
libelled,6
amused,3
focused,5
becalmed,5
pleased,6
benumbed,6
crowded,7
saucing,7
tariffed,7
outrig,6
reposit,7
digitize,7
missound,7
pawned,4
stabled,5
strown,6
capped,5
trussed,5
invaded,5
cotised,5
wimbled,6
aminate,8
purpling,7
pretempt,7
librate,6
resented,6
appease,6
mayst,7
intromit,8
dizen,5
apprized,6
nigged,7
manumit,8
outsprue,7
evade,6
indict,6
sullied,6
refilm,8
snatched,7
forbade,7
nettled,7
amortise,7
cuitling,7
smelted,6
jugulate,6
laved,6
reprimed,6
outfoxed,6
aired,6
duping,5
displant,6
pend,5
bugled,8
reaccuse,8
signetur,7
unhedge,6
heighten,8
calcify,5
belched,6
abdicate,8
flagged,6
squeg,6
refueled,8
prigging,8
upheaved,5
agitated,5
articled,6
sheathed,7
disserve,7
pummeled,8
occur,6
beshrew,7
corbeled,7
pretire,4
renotice,7
straiten,6
swinged,5
chevied,5
exscind,7
ligate,5
togged,5
reloaded,5
enlarged,7
beset,6
euchred,5
outcharm,6
soothsay,8
whigging,7
trained,3
baized,4
classed,6
defeated,6
hugged,3
curbed,6
outsoar,6
boating,7
oversee,6
engorged,6
reglue,5
reknead,7
anodize,8
outwwept,6
gotten,6
wis,7
redivert,8
liquify,6
muzz,4
fled,7
escribe,6
wreak,7
thinned,8
faceting,6
relent,5
fating,7
occupied,3
accused,7
maturate,8
shown,7
fastened,6
scooped,7
outswear,6
brushed,5
rippled,6
uprisen,7
confect,5
outjut,6
crudded,5
flammed,7
humanize,8
screwed,7
inarm,8
redepend,4
reearn,6
hoising,6
relive,4
retitled,6
baaed,8
hirpling,8
bedecked,5
detect,7
outstudy,7
enure,6
coting,4
guising,7
warbled,7
totting,8
unharden,7
wair,6
accede,5
soaped,6
intrude,5
incumber,7
obtained,4
outspeed,8
revivify,8
hardened,3
marooned,6
tempted,8
coinsure,8
allied,3
gilled,7
reunify,5
unwig,6
emulate,7
outspin,7
kyanize,6
coiled,6
uncrib,6
shaped,7
droving,7
fumed,3
pummel,8
astonish,7
precast,7
spindled,7
outlove,5
disprove,7
preknew,6
kenneled,7
unjoin,6
undersee,6
seeded,6
contused,6
arced,6
impearl,6
rewed,6
surpass,8
remitted,6
redefy,6
piing,6
yapped,6
readorn,7
caponise,7
quash,7
predefy,8
outvalue,6
quaff,7
drugging,8
blinded,6
wist,7
galumph,7
empale,7
diosmose,7
retile,6
outspoke,7
abash,5
mazing,7
catalyze,7
wanned,4
battened,7
beflag,6
sue,5
swaggi,5
maraged,5
retarred,7
unjam,7
blither,6
skylined,6
atomise,7
untread,4
indued,6
badging,3
bruting,6
repawn,7
demonize,8
bless,7
rodding,5
requite,8
lollygag,8
reequip,8
opalesce,7
outmoved,8
preelect,7
rehidden,7
embow,6
revisit,8
outsavor,8
deepen,6
jumbled,6
pilfer,6
hearten,6
unrack,8
remodify,7
cramped,8
intrench,8
assessed,6
blotted,8
preallot,8
spousing,7
silenced,6
coppered,5
coarsen,5
inarch,6
pandered,5
budded,6
clart,5
speared,5
dabbled,5
hummed,6
unleash,7
embody,7
frigged,7
unroll,5
reread,5
settled,7
prosing,7
starred,8
preenact,5
preship,8
mistryst,7
outpull,7
hoppling,6
obelized,7
wawl,6
toused,6
bicycled,6
reused,5
ponder,5
plagued,7
urbanize,7
outfaced,6
arrested,5
furled,6
unclose,7
sated,5
bestrid,6
darned,4
tiled,5
mutilate,8
underpay,8
gauged,5
unstep,5
damned,3
combed,7
afforest,8
bucketed,6
cyanided,7
replume,6
ungluing,8
harry,7
impower,7
outpray,7
sauced,6
emboss,6
tithed,4
whetted,5
munite,5
siver,6
outbow,7
rebuckle,8
overtask,7
prosect,7
veneered,8
spoliate,8
rebreed,6
bestrow,6
served,7
ridging,4
heizing,8
sandaled,7
arcading,8
filiated,7
unpot,4
unfurl,7
exampled,5
aimed,7
horrify,5
cering,6
acquired,4
injured,7
regulate,7
prewired,6
rehear,7
commence,8
misword,8
outbluff,8
impaired,7
outplod,5
staked,8
flubbing,8
spiked,4
tinned,7
reassent,7
hoppled,5
profaned,8
outsnore,7
unteach,6
preevade,6
cribbed,6
claught,7
sieved,7
reprime,6
suited,6
precured,5
padded,7
rigidify,7
repour,6
parted,6
refunded,6
diverged,5
tempered,6
fazed,4
grimed,5
niggled,6
hammered,6
diked,5
reheel,6
unmould,6
sugg,5
skiting,7
cavort,6
hinged,5
embrued,7
overflog,8
folded,8
tritiate,8
scanned,7
foreran,7
tasseled,5
yawned,4
proved,6
repaste,6
versify,7
simonize,8
repacked,7
claspt,7
formated,6
biked,6
manacled,7
intitule,6
maculed,4
doubled,8
enshrine,8
rewater,7
hading,8
probated,7
demark,5
summed,6
outscold,7
panelled,7
rebrand,5
recaging,8
stoped,8
unpiling,4
nibbing,7
idolized,8
resmooth,7
debag,5
dashed,6
missteer,6
reappear,8
mismade,6
reinsure,6
regummed,7
enclose,6
caulked,5
ensouled,6
redocket,7
rouging,8
marketed,6
sconced,6
unpocket,7
outhired,6
recessed,6
scrapped,7
react,5
enlaced,5
avoided,4
garoted,6
intonate,7
bromised,7
bullyrag,8
append,7
wouldst,7
riposted,8
foreknow,8
acquit,6
outwind,6
licked,4
dibbled,5
judged,4
lammed,6
undraped,8
dueling,7
stopt,7
upturned,8
whipsawn,7
reenjoin,8
boxhaul,6
axed,5
brasqued,6
coted,5
escribed,6
stroy,6
fobbed,5
shrouded,5
rubbed,5
presaged,7
untangle,8
sipped,7
minuting,8
reshake,6
precover,7
commit,6
jived,8
apposing,7
reprobed,8
guddling,7
shod,8
excavate,8
retyped,6
darkle,6
sypher,7
imprison,7
adhibit,5
dawt,5
befog,7
entwine,7
aviated,6
recopied,6
failed,5
blazoned,6
vantaged,8
reerupt,7
assuage,7
pretry,7
outfawn,6
retroact,6
besmirch,8
fattened,7
inhale,5
misspace,7
reswept,5
redelete,6
grudged,6
rewash,7
envision,7
unpuzzle,7
cut,5
fulfil,6
perfuse,6
resaddle,5
reperuse,8
uncocked,8
wrung,6
enwomb,5
sewn,8
intruded,4
unhanded,7
forgone,6
reblock,7
nipped,5
repanel,4
expanded,5
sheared,6
betroth,6
ingraft,7
resalute,6
assisted,7
miscoin,6
cracked,5
unedged,5
isled,5
botched,7
bedrench,6
mudded,4
sutured,4
guddled,8
mitigate,7
tunned,7
pettling,5
borating,7
rended,5
embus,6
unsell,7
recaned,5
tendered,7
decorate,4
revacate,7
divvied,6
cumbered,5
marveled,8
retrying,6
cringed,7
misspent,8
unfetter,7
resat,7
enwwove,7
pleach,6
preluded,5
halted,7
preplan,6
exist,7
unmitred,7
outbray,8
reshaved,7
unearth,7
logroll,6
poind,6
conveyed,6
slashed,7
emblazon,8
typeset,7
reknock,8
impacted,8
outbent,7
acquire,7
redrawn,7
mowed,6
hurries,7
overplay,7
unlace,6
outrow,6
enwove,5
besiege,6
cozed,4
fondled,6
declared,5
scouted,7
prepave,7
jagging,7
misdrew,7
vamoosed,7
preseen,8
robotize,7
restrain,7
outfox,7
trisect,8
outbulge,7
clad,8
honeying,7
deport,6
sang,7
weighted,6
validate,7
bollix,7
outpace,7
braised,4
affixed,8
surmount,8
lapidify,8
deafened,5
dighted,6
unshroud,7
swive,7
rehashed,4
premated,6
trode,6
beseech,8
canonize,7
rerouted,3
respited,7
divagate,6
rived,4
fatted,5
reseek,4
redact,7
embroil,7
cradled,6
remerged,4
embarred,6
rettore,6
oversoap,7
begem,6
prewarn,6
abnegate,7
commisce,8
swaddled,6
congeed,4
toughen,7
passaged,6
departed,7
overjade,7
upraised,6
cosseted,7
disjoin,5
dow,7
ululate,6
unbarred,6
rented,5
decupled,7
stript,5
outsin,6
elated,5
progged,6
returf,8
canalize,7
outflew,8
resignal,8
unfold,7
disject,8
overtoil,8
misparse,8
dowelled,5
answered,6
ligated,5
spored,5
ensphere,7
bibbed,6
innerve,7
brabbled,7
outgreen,7
jinxed,4
retinned,6
minify,7
enchase,6
whipt,6
boosted,4
feted,5
accosted,8
brutify,5
broken,5
trammed,4
wared,7
alienate,7
trigging,8
outvote,5
retime,6
curr,5
ravin,7
ossified,8
wrought,7
uphhove,7
tepefy,5
hove,5
rfound,5
oppugn,6
forbore,7
unmew,7
migrate,6
defaced,8
comprize,7
divided,5
wrapped,5
emoted,4
mure,5
outdrove,5
outbuzz,8
balloted,6
deprived,6
browned,6
linger,5
insoul,4
resown,7
impasted,7
would,4
repad,4
empt,7
gabbled,7
mishear,7
corrade,7
servoing,6
eulogize,7
unbeard,6
grated,6
blent,5
wambled,8
refuging,8
knapped,7
recharge,5
deceive,6
uncask,7
outwwove,7
overhear,8
prohibit,8
farmed,6
bemoaned,6
rerise,4
rewear,5
foresee,6
chapped,4
staged,6
witing,7
overtop,6
chitter,8
slubbing,8
endorsed,7
obelize,6
outstink,8
planked,6
preadopt,7
welch,5
restitch,7
avoid,5
weeded,4
benamed,6
unhasp,5
unfence,7
rescind,7
quo,8
typified,6
aerify,5
restrive,6
extorted,6
induced,6
escorted,7
mislead,8
repeople,6
reluct,6
fubbed,4
untied,6
misinfer,8
backslid,7
deported,5
bestud,7
interact,7
sunken,8
rebellow,7
stickled,8
equalise,7
bolted,5
shaken,7
hocussed,8
fritting,8
curled,6
enmesh,6
spruik,6
mislay,6
tagged,6
busheled,6
grooved,4
bloated,5
befit,6
dowered,4
rewedded,3
preceded,7
dissert,7
aking,7
debarred,4
bawled,7
foresaid,7
strook,7
predrawn,7
gnawed,4
sicked,7
paginate,6
kent,7
recorded,6
despise,7
outsteal,7
skimmed,7
recross,6
outrace,7
idiotize,5
satirize,6
desired,6
tetanize,7
yellowed,7
outleap,6
implore,7
debruise,6
eagling,7
seised,7
gurging,7
reoffend,7
outwit,7
steeved,6
parries,6
reweld,5
inbred,4
fidged,4
malted,6
enamour,6
parboil,7
defame,7
shoveled,6
opiated,8
encoring,8
writhed,6
saddened,8
postsign,8
reded,6
resprang,6
reawoken,6
named,4
foiled,7
unswore,7
darkened,7
involve,7
hashed,4
raze,7
dignify,7
estated,7
gabbing,7
incised,8
upbborne,7
retie,6
emceeing,7
resalt,6
propone,7
reglazed,7
miszone,7
outflame,7
pregain,7
spoused,8
indicate,7
hark,7
deterred,8
alkalize,7
helving,7
endorse,6
louden,7
remising,7
attune,7
exorcise,7
resewn,7
fortuned,7
prelect,7
misgive,5
rosing,6
lall,8
overstay,8
intone,6
harken,6
drummed,6
hie,6
disbowel,7
fluted,5
seek,6
recarved,5
besooted,7
fidge,7
metrify,7
backed,5
rejected,7
doat,7
flichter,7
misship,8
weakened,8
unhitch,6
notated,5
provided,6
clicked,5
dodged,5
afford,6
unhelm,6
aspire,5
enface,6
backdate,7
engorge,5
woke,5
pumped,6
outquery,7
mislearn,8
untune,6
rewwore,7
machined,7
betake,5
outseen,6
boweled,6
emerized,6
bemean,7
alloyed,7
predry,5
adhere,6
handpick,7
unnerved,5
selected,8
outsulk,8
uplifted,5
curried,7
underran,7
purged,4
procured,8
furbish,5
drest,8
flapping,4
vialing,6
heaved,4
tweezed,8
resample,7
indue,5
spruced,5
fifed,4
modified,6
gie,5
aggrade,8
outfloat,8
pared,3
corded,6
embar,5
leased,6
traduce,7
emitted,6
shent,6
grasped,7
nigging,7
chyack,7
plaited,8
outcarol,8
rooing,5
exhuming,8
orate,8
desulfur,7
caroling,8
resected,7
uproot,6
employed,7
reconfer,7
ravish,6
refiling,7
incite,6
upgather,6
undrape,7
wrested,5
bestrode,7
outbulk,7
ran,7
outblaze,6
disable,7
badgered,5
pierced,6
underdig,7
presold,7
littered,8
overpack,8
infest,7
ebonized,7
flout,7
squired,8
lallygag,7
agnize,7
blighted,6
fathomed,5
barhop,7
unclosed,8
meditate,6
miscued,6
remapped,5
repine,6
outffed,7
blunging,8
interned,6
billowed,7
ladyfy,6
singed,6
bulleted,6
foredid,6
reerect,8
yarovize,4
provoke,7
degum,8
platting,8
outsport,8
debagged,4
rebuffed,4
repealed,8
uncurb,8
colleted,5
delead,6
curated,7
predrive,7
amuse,7
jollify,6
delate,6
scalded,7
unhair,7
prerefer,6
pettifog,6
rethresh,5
rebaled,5
mellowed,8
preach,7
cooeeing,6
eloxed,7
autolyse,6
outskip,7
overdyed,6
refute,5
impone,7
subsumed,6
seen,5
shrivel,6
escaped,6
vide,7
unfrozen,7
sedated,5
ambled,4
smuggled,8
delimit,6
flense,7
sanitize,8
forsook,7
induce,6
kep,7
intermit,7
leaked,6
globing,6
promised,8
buddling,8
repress,6
preallow,6
recited,6
trancing,8
respaded,7
emigrate,6
bemoan,5
slank,6
boweling,8
subvened,5
audited,3
visited,7
incasing,7
elegize,7
outcull,7
solve,5
rewin,6
signed,6
concur,7
peppered,8
tweezing,7
hoke,5
confute,6
stifled,7
fecit,6
noticed,5
hoven,5
lulled,5
ennobled,8
reran,5
cited,6
stupefy,8
overcome,8
unify,7
inversed,5
evinced,4
berimed,6
preinfer,4
presift,7
embodied,7
conjoin,7
ratify,5
hamming,7
intort,8
trampled,7
precoil,8
numbered,6
summon,6
routed,6
overstep,6
decried,6
closured,6
mugged,5
unzip,7
roweled,7
exhort,6
abased,4
braided,3
birdied,7
paganize,8
ciphered,5
wiredrew,7
misspell,6
lifted,6
assuaged,6
reawake,5
sawn,7
outtoil,7
whopped,8
resemble,6
eschew,5
stashed,6
prising,7
radiused,8
subjoin,8
mistuned,5
gritted,4
soothed,7
singeing,7
rettorn,7
accustom,6
ingested,5
bagged,6
outdo,7
zindabad,7
frizzed,8
outmount,7
remaim,7
garroted,6
tossed,5
repen,7
shamoyed,5
abided,6
swam,5
sharpen,6
ceded,5
gotta,7
outwring,7
posted,4
evoked,4
lured,6
arraign,6
strew,6
permute,7
outseek,6
overdid,6
misbuild,7
tensed,3
pelted,6
ignore,5
dared,3
dreaded,5
cubed,6
libeling,7
outsaid,6
excited,5
returned,5
doted,4
bribed,3
fiked,6
incensed,7
decimate,7
collide,7
hachured,8
retwist,6
outblow,7
skitted,8
bandsawn,7
restaff,6
estopped,7
outsum,8
scragged,6
letted,7
overdoze,7
adjure,6
overrake,7
weaponed,7
pluming,7
denoted,4
bated,4
gurged,7
resicken,7
tugged,4
viewed,4
laced,5
irk,8
launched,7
outpop,6
ozonize,6
unthink,7
duped,6
thronged,5
landed,6
rewaken,6
sheathe,5
stamped,5
drubbed,7
restack,7
beguiled,7
moisten,7
overworn,8
enthused,7
unhallow,7
graveled,6
were,4
reroute,6
oxidize,8
misgraft,8
rethatch,7
debus,8
enhanced,8
halloing,7
doled,4
censed,4
retimed,4
redrew,4
refect,6
abought,7
reinfest,5
recoat,7
outfled,7
sparest,5
poked,5
spragged,7
insure,6
kitting,8
overdeal,6
collude,8
reinfect,8
compared,5
resawed,6
subside,7
conflate,6
observe,7
quit,6
pronate,7
metrized,5
retune,7
valorize,7
reduce,5
vested,5
astound,6
drawn,7
detested,8
unkink,7
skiffled,5
misfile,6
blunge,6
holp,8
bescreen,6
decolor,7
squalled,6
greaten,7
spoilt,6
overlie,7
outscorn,4
outcrow,6
retint,5
plenish,6
unicing,8
gathered,6
repenned,6
reboil,5
restored,5
relieve,7
withing,6
reist,5
befool,5
redye,6
furnish,7
defang,6
spewed,4
hulled,7
simplify,8
buffeted,7
renumber,7
misgiven,7
liquesce,8
retwined,6
rimpling,7
whistled,6
propined,7
emaciate,7
seared,4
punned,6
vacate,6
gripped,8
intermat,8
boodled,5
outbend,6
fletched,6
moaned,7
unswathe,7
consider,7
flipped,7
refloat,7
tipped,6
wast,6
vended,5
contemn,6
remint,5
expend,6
slake,5
dammed,7
outbark,7
prodded,6
deveined,4
deflated,8
imbosom,7
scorify,7
perturb,7
clem,6
overcame,7
bestride,7
coticing,8
adore,5
peated,7
outsting,8
mended,7
nebulize,8
shamed,8
reincite,6
prewhip,7
nullify,7
envisage,8
cued,5
immure,6
hoisted,8
outcourt,6
toned,5
relose,7
cabbaged,7
engrail,6
cogitate,8
defuzing,6
begummed,8
amating,7
fended,5
dragged,5
prompted,5
omit,6
exiling,6
mitred,5
punished,4
revised,5
matched,7
browbeat,6
poured,4
reeded,4
carved,8
sledding,7
sublated,7
vialling,8
destool,8
fluidise,6
fed,7
overrule,8
salvaged,7
reponder,7
unvetted,5
snared,4
rehired,5
huddled,8
oversoak,8
babbled,5
replead,6
itemized,6
screened,7
interlot,7
imploded,7
fet,7
assigned,6
piffled,5
mispaged,8
embruing,6
reline,7
aggress,8
morticed,6
mispage,6
detain,4
dwining,7
marage,5
reland,5
clapped,7
deterge,4
metrize,6
mislaid,6
amass,5
sile,5
bestrew,6
turned,8
reassort,6
scry,8
wreathed,7
slidden,6
ranged,4
recancel,7
abjure,6
buckjump,6
nickeled,7
outbless,7
strafed,6
ulcerate,7
held,4
cased,4
pupated,5
blended,7
embattle,8
aspersed,4
soured,4
graved,7
accroach,8
inveigle,7
claver,5
sapped,7
retariff,7
glean,4
haled,6
hoveling,7
preenjoy,8
effused,6
fatigued,6
shredded,4
graded,6
enjoined,6
dilated,6
stolen,5
swatted,8
guggling,5
bibbing,6
fub,8
overawed,6
touted,8
relacing,8
wore,5
chromed,5
roasted,5
ochered,7
engraft,5
enisled,6
denature,6
outmate,6
prealter,5
teased,7
outstrip,8
belabour,7
brei,6
thrummed,8
outswim,8
prefaced,6
awaited,6
reedit,5
pressed,7
outgas,5
mucked,6
outspit,6
obey,5
embowel,7
brigaded,8
upttorn,4
uphold,5
soused,4
fagged,5
cite,5
spouted,5
dictated,5
kneaded,5
wifed,6
recomb,7
outsmart,8
dried,4
perilled,7
spuming,6
pruned,8
readjust,7
antevert,8
silicify,8
brocaded,4
renamed,4
bereaved,5
emulated,7
deforce,6
environ,8
pigstick,6
inquiet,6
redefied,5
cleated,7
unvoice,6
inswathe,8
ruffled,6
incise,7
overcook,8
cuttled,5
lopped,4
ringed,3
tidied,6
unwrap,8
lavished,6
sopped,6
upbuild,6
slurped,7
justify,7
reignite,6
exclude,6
engirt,6
ruminate,5
disinter,6
injected,6
devised,5
yodelled,7
hanker,3
haloed,7
outpipe,7
exerted,6
dight,6
misdated,7
reenact,5
rewire,7
outthrob,7
enamor,6
reindex,7
smoothed,8
rals,5
regauge,5
resshot,7
grided,6
resilver,5
behooved,5
centred,6
adorn,5
hasted,6
gimblet,6
enrol,8
dramming,8
engender,6
revealed,7
dirl,4
bred,5
daunted,7
inspan,7
stetting,5
bemiring,7
hectored,5
penned,8
outmarry,8
resit,7
spawned,5
yearn,6
elevated,6
repriced,6
wished,3
wyted,6
uncoop,6
supped,7
precool,7
couldst,8
strapped,3
stippled,7
chinning,7
clothe,6
incept,7
activate,7
spiring,6
sabered,7
frazing,7
stickle,6
enmarble,6
genapped,6
piled,6
interwed,6
fritted,5
removed,5
fringed,6
refrozen,6
demobbed,7
unroot,7
clipped,6
glairing,7
reobtain,8
milled,7
predrill,7
emulsify,7
depaint,6
rase,6
bejewel,6
tuned,6
unhinge,7
sued,5
learned,6
etch,8
garaging,8
drenched,5
recool,5
rebaked,5
proofed,7
disbosom,8
shending,7
uncurl,7
sculpted,6
averred,5
spatted,7
foment,5
premerit,8
gigging,6
dieted,6
shun,8
corraded,7
predine,6
tended,4
rated,4
spiced,6
retanned,5
fadged,4
pare,5
repatch,5
reffed,5
beware,5
benaming,8
suffixed,7
begotten,6
birled,7
reaccent,8
pinioned,6
outtired,7
unfrill,6
guying,6
outpiped,8
protract,7
apprize,6
accessed,8
unbottom,7
libeled,6
relist,6
obviated,8
katalyze,8
chuting,7
stitched,6
redated,6
suspired,5
unpick,6
outyell,8
vanished,6
unlocked,6
attained,5
stripped,8
ungloom,7
misquote,8
shouldst,7
kittler,6
speckled,6
repledge,7
shifted,5
skiddoo,8
censured,7
coexist,6
has,6
replow,4
regave,7
fissured,8
unlaying,7
maffick,6
rooving,8
dialyzed,6
receded,6
bespake,5
abstain,7
relived,5
quaked,5
carny,7
wielded,7
overtook,8
ungag,6
tighten,6
misheard,7
bagpiped,7
hightail,8
inclosed,6
bewailed,8
suggest,7
chanted,7
preplant,5
pertain,7
budged,6
waring,5
sparge,5
nab,7
redaring,4
enlacing,8
dropt,6
abraded,5
pargeted,6
endured,6
misadd,6
befell,6
loosed,5
derided,5
anticked,3
tacked,5
gasify,6
twisted,6
unsay,8
harrumph,7
radiated,8
tumming,6
expunge,6
revere,4
retill,5
outhiss,7
fined,7
realign,7
minimize,8
appear,7
overstir,8
pigging,7
hast,6
coalesce,6
capsized,5
fanned,6
recouped,7
aphorise,7
focussed,7
meddle,6
plucked,6
protrude,8
repacify,6
retype,7
overkick,6
venge,5
reinvade,8
undergo,7
weighed,5
hammed,7
outswum,7
snaked,4
slay,6
outshape,7
fouled,5
swung,6
reunited,5
elute,5
burred,6
righten,5
zinced,4
did,4
lidded,7
boohoos,8
traveled,6
reletter,5
repinned,7
archaize,8
englut,4
ungrip,6
outplay,7
peptize,7
forjudge,8
retaping,6
rephrase,7
languish,8
acierate,8
unzipped,6
themed,6
choring,5
coopt,6
conclude,6
toasted,7
cutinize,7
swang,5
sooted,6
outburn,6
indrawn,6
chored,8
displume,8
gladden,6
rewet,3
redry,6
spurned,5
encored,7
upraise,5
planned,5
perished,6
ideated,3
invited,7
outsuck,7
cohabit,7
rectify,7
advised,7
immingle,8
salved,5
massaged,7
confuse,7
grousing,8
unfreed,5
undam,6
premake,7
unrolled,7
reapply,7
sphered,6
guzzle,7
floodlit,8
disgavel,6
gashed,6
undone,5
encyst,8
rationed,5
dirtied,5
bewared,7
etherify,7
built,5
sitten,6
gingered,8
postdate,6
iodized,5
hyped,5
stung,5
restate,7
jugged,6
abduct,7
reclass,6
outgain,7
liquefy,6
evite,6
preplot,7
hocus,6
compart,7
degrease,6
collate,5
jotted,4
banked,5
gazetted,6
bleached,6
achieved,5
harried,5
blanched,6
descend,6
raffled,7
unstate,5
wetted,5
putrefy,8
redamage,7
analysed,8
confront,6
cognized,6
pilfered,8
supping,6
spangled,6
sket,6
deface,7
outcured,6
informed,6
murdered,7
spae,7
aviating,8
wiredraw,6
rebait,5
requoted,7
dialyse,6
absolve,7
percuss,7
freeload,6
delouse,7
poetized,6
unedge,6
cobbled,7
recarve,6
daut,6
pitied,8
unchurch,8
stroming,3
stromed,5
rinsed,5
dismayed,6
trounced,6
hurdled,5
seduced,4
sighted,8
preadorn,6
wend,6
dethrone,6
seconded,5
redipped,6
flexed,7
suberise,6
unhorsed,8
psyching,8
decentre,7
rewaked,4
derived,8
alkalify,8
predwell,7
entice,7
gainsaid,5
paired,7
overtrim,8
encased,4
soaked,7
outcant,8
targeted,7
convey,7
sleaving,8
membered,7
outcrowd,8
misadapt,7
decoded,7
outscent,4
outyelp,6
belie,7
outstay,7
nibbed,6
uptorn,7
educate,6
remingle,6
medaled,6
outweep,7
disturb,7
tabled,6
pondered,8
rezoning,7
lined,4
misce,6
emendate,7
accredit,7
sleaved,5
parsed,4
binned,6
cozing,6
abrade,6
demist,7
annealed,4
insetted,8
canaling,7
valuated,5
husked,8
slatting,7
relanced,8
grubbing,8
deflower,7
ravished,5
molested,6
paroled,6
hepatize,7
stow,3
smote,5
abrogate,7
recurve,6
immunise,6
repulsed,6
adapted,5
hassled,5
grafted,7
sanitise,7
outfence,7
dressed,7
entitle,6
needed,4
wanted,5
alluded,7
unchurn,8
ethicize,8
dunnaged,7
arose,7
polluted,6
ripped,6
reclimb,7
york,5
annoy,5
jailed,4
manured,8
outfight,8
ammonify,8
pursue,7
resettle,7
outbat,6
interlap,6
severed,6
miszoned,7
scrounge,6
lamming,6
agatize,6
applaud,7
bequeath,7
kibitz,8
referred,6
reclothe,8
outwear,6
revet,7
mistype,7
acidify,6
cloven,6
grubbed,7
swonk,6
resumed,6
dote,6
readmit,7
adjoined,5
amazed,5
pedalled,6
enchased,5
wasted,6
upbear,5
eased,5
implied,8
outshove,5
outweigh,7
eschewed,7
forgave,6
cleaned,5
fied,7
legalise,7
nabbed,5
drilled,6
forefend,5
relink,5
bream,7
replowed,5
paned,6
acylate,6
rehinge,6
kept,5
reside,5
amend,5
sloked,5
abetted,5
riled,6
cocooned,8
suss,7
girdled,7
unedging,6
unriddle,7
wited,5
flushed,6
ordained,6
needled,4
enfeeble,7
decenter,6
fuelled,6
unloose,7
outjinx,7
erupted,5
deloused,8
freeboot,8
deputize,6
drave,6
reding,7
squirted,4
shinned,8
regelate,7
dost,7
enchain,7
spliced,6
bromize,7
cabbed,5
templed,5
reaccede,6
mixed,4
copied,5
skinned,5
netted,5
rbound,5
dyed,5
heckled,7
duelling,6
wearied,4
slammed,6
wove,7
inflamed,6
reddened,8
outlip,6
sexed,5
subgaped,5
cremated,6
prebless,7
disabuse,5
dib,7
reattire,7
jollied,5
redenied,7
overfix,7
repaved,5
relisten,8
bandfile,6
aerate,5
deperm,7
hypocopy,8
damaged,6
higgle,6
flay,7
outbaked,8
unpeople,8
lionized,6
eloign,7
glimpsed,7
bring,5
bedeck,6
strung,7
desilver,6
shoed,7
overawe,6
saved,4
dwarfed,4
frayed,3
droned,7
crudding,5
feezing,7
changed,8
foredone,6
vetoed,6
outpush,7
payed,7
hubbing,5
regluing,8
hired,6
docketed,7
misteach,7
hauled,6
desist,6
outawe,8
chapping,7
cohere,7
misspend,7
urinate,5
unbelt,8
composed,6
affected,5
commuted,4
credited,5
flied,6
scuttled,5
seined,5
faming,5
pries,7
admonish,7
boguing,6
toped,4
kidded,7
reinjure,6
restab,6
primp,6
fancied,6
adduce,7
vitrify,7
outchase,5
outmouth,8
gaging,6
evoke,5
rechoose,8
ungrazed,5
gradated,7
thank,5
deaving,7
equated,5
enfetter,8
mistrace,6
outsat,7
swabbed,8
unreckon,5
unrigged,5
rammed,5
hobbled,6
outrun,4
outbawl,7
assumed,7
redding,6
unclog,8
reargued,8
attacca,7
disagree,7
imbalm,6
eked,4
dup,7
enplaned,7
listen,6
cogging,5
sprang,6
descale,7
overbrag,8
unburden,7
shipped,5
strode,6
subduct,7
inhumed,6
stressed,5
peeled,4
ruddled,5
redigest,7
subduced,6
stylise,7
refreeze,6
expelled,7
inwind,7
foretold,6
vibrated,8
incusing,7
foregone,7
detected,8
uncoffin,7
cockled,5
indited,6
fankle,6
eluded,6
invoiced,8
curtail,7
toping,6
abet,6
satiated,6
uncorked,6
adulated,6
crayoned,6
rehem,7
impinge,6
gave,8
enshroud,7
was,5
reaped,5
latched,7
rebrace,7
wyting,7
eulogise,5
faradise,7
ended,5
uncore,4
unspan,6
outsmell,8
repunish,8
brangled,6
abduced,5
grieved,4
revest,5
estop,7
buttered,8
evict,5
read,6
dazzled,6
uprooted,8
disendow,7
clenched,5
whelmed,8
abducing,8
engraved,8
crucify,7
luxated,4
dented,5
clotured,6
burbled,7
reshow,5
blew,6
intitled,7
outlaugh,8
preprice,7
unttrod,6
outfast,8
canoodle,7
utilize,6
redefine,7
outrib,5
undrew,4
snarf,7
redoing,7
gulled,4
deemed,8
enrobing,5
togging,7
stewed,4
recede,4
reast,6
overdye,7
tunneled,5
eyeleted,8
disfrock,8
steepen,6
burgle,7
reserved,8
hoick,6
fetched,8
vanquish,8
demoted,6
clapt,6
regear,6
sprigged,6
peising,7
aked,5
quizzed,6
bisect,6
chasten,6
assoil,6
penciled,7
stoving,8
philtred,7
decoke,5
chackle,6
decry,8
tranship,7
examine,6
trapped,5
produced,6
smutted,5
annulled,6
ensoul,6
decayed,6
enslave,7
preheat,6
strove,5
imbody,8
alligate,8
entoil,6
suppose,7
predict,6
rebathe,5
encage,8
cliquing,7
labeled,5
skintled,6
outsold,6
anele,7
terrify,7
reassume,7
outspill,8
instated,5
linked,6
expected,5
applied,6
suffused,8
dehort,7
coiffed,4
robbed,5
seel,4
mured,6
condoned,6
rankle,5
frap,7
jounced,7
outvigil,8
deplored,6
sighed,4
bared,5
missend,6
deter,6
podding,6
boggled,7
resoil,5
jemmied,7
enravish,8
discerp,6
enlace,8
disusing,4
excising,5
razeeing,7
fixed,7
deaerate,6
reavow,6
warmed,3
pasted,8
eternize,7
unlearn,7
pinched,6
limn,5
luxate,7
outfrown,7
untuck,7
vitiated,7
rebolt,6
valved,4
staned,4
booed,8
outstrut,7
resoak,7
enthrall,7
raped,5
abridged,7
rethaw,5
outlawed,7
bodge,7
enchant,7
bespread,4
respade,7
enisling,7
crushed,8
reattach,5
keypunch,6
prespur,6
blub,7
outword,6
secured,5
browsed,6
remap,7
outplot,7
digress,6
holden,4
topped,6
narrated,7
reinfer,5
reshift,8
divulged,7
azotize,6
stodged,5
retaped,6
outroar,7
widen,6
vouched,7
unfrock,7
reexpel,8
misgrade,4
misfired,5
incased,6
sweeten,6
learnt,6
epilate,6
shapen,6
rebathed,8
unfloor,6
insured,4
lased,5
stymied,4
bromized,6
cavilled,6
hosted,7
misdoubt,7
improved,6
unbrace,5
unfix,5
hinnied,5
enabled,6
renovate,8
claimed,5
abjured,5
vomited,7
sny,7
cricked,6
gainsay,5
instate,6
exhaled,8
divvying,8
munched,6
bemire,6
campshed,7
outhit,7
ermined,5
nutted,4
lapsed,8
outhumor,8
esquired,7
allege,5
enrobe,6
larruped,5
deluged,8
ensconce,7
sketched,6
prosed,5
amended,5
hoed,6
unfrost,7
misknown,7
reoppose,6
modge,7
twattled,7
outswam,8
reexpose,6
overpet,7
riping,6
reswell,7
wagered,5
groped,5
apprised,5
gargled,6
retan,3
rehung,6
cloned,7
keelhaul,7
exuviate,7
revoiced,6
spaed,5
reveto,8
enfolded,8
crumming,8
accepted,6
rifled,3
ladled,3
boded,4
liven,7
fordoing,8
encumber,7
outpried,5
tiered,6
concaved,6
resigned,6
imbued,4
ingulf,6
fought,8
salaried,5
arcaded,5
stored,7
immolate,7
portray,6
bobbled,5
breveted,7
dumfound,7
unclip,8
poisoned,7
engird,5
sorn,6
inmesh,7
precite,4
received,5
reprobe,7
banished,7
infeoff,7
rumpled,5
shaved,7
blandish,8
misled,3
muzzled,5
gasped,6
reckoned,7
penalize,7
rebent,7
hindered,6
disrate,5
drammed,5
misbred,4
pistoled,6
outstate,7
stylised,7
relosing,5
regrown,6
rallied,5
defies,4
revved,7
coincide,6
roguing,7
hovelled,7
detrude,6
overfly,7
donated,5
devilled,7
respring,7
feasted,7
stylize,7
rounded,5
savaged,7
resent,3
redeem,6
oxidized,8
unmating,8
hobnob,6
calved,5
immured,6
suborn,6
warned,4
maun,8
pillowed,8
outreign,6
reteach,7
inhibit,8
rebooked,6
gigged,6
unshade,6
gaup,7
transfix,6
resift,6
aroused,6
reassert,7
cleeked,6
interset,7
drumble,5
premised,5
perplex,7
concuss,7
upheld,6
revalued,7
assail,5
ensnare,7
filch,6
detest,6
aline,5
deduce,6
blunged,5
anointed,8
chelp,7
calcined,7
ideating,7
squadded,6
minced,6
operated,7
instil,6
lived,7
misguage,8
tooted,4
sauteed,5
shielded,8
garring,5
satirise,8
clogged,7
alkalise,7
reimage,6
decoct,5
lowe,6
ribboned,6
washed,7
unclothe,8
hogtying,6
consist,8
disallow,7
edited,6
deplane,7
confided,7
resplice,7
steeving,8
churched,5
subbed,6
wifing,8
overcull,7
shoved,6
stodging,8
aver,4
adsorb,7
cropped,7
tramming,7
unfasten,5
nuanced,4
paged,5
encase,6
repick,3
replot,6
occupy,6
craned,7
miscarry,8
chapeled,7
nasalize,7
relaced,7
scrump,7
filiate,6
decode,5
exhale,7
misplant,7
japed,7
outcavil,7
braked,5
bewigged,6
degrade,3
regrated,7
forewarn,7
roust,6
reincur,7
shriven,7
unsoling,4
restring,5
yodeling,8
unfork,8
amercing,8
suffered,8
prequote,6
defrock,8
cyclized,7
reallot,7
sicking,7
redust,5
slit,6
dehisce,7
unbottle,7
mispatch,4
migrated,8
deschool,7
triced,5
imitated,6
unpaste,7
burking,7
floxed,6
rerent,5
bemock,6
chosen,7
deplume,6
resaved,5
morphed,5
boggle,7
skywrote,8
piddled,6
lamented,8
enskying,7
theorise,7
outlance,7
convoke,7
steeled,5
refined,6
bothered,7
banish,7
abhorred,8
hatting,7
induct,8
rearisen,6
beweep,5
begirded,4
wedded,8
iarovize,6
broaden,6
reflated,5
outwaved,5
burned,5
marauded,7
recook,7
shogged,6
unmasked,6
bishoped,6
painted,5
thrusted,5
dubbed,5
gnashed,3
gumshoed,6
embarked,7
goster,4
rootle,6
ordered,5
spooned,7
outsweep,7
ensky,5
enweave,6
depeople,8
lichened,8
despoil,7
gaged,5
strum,7
betiding,6
petted,5
bronzed,8
resecure,7
unreeved,7
misplead,6
gutted,7
reshape,6
extort,5
disroot,5
relost,7
fubbing,8
paralyze,8
underact,8
winkled,8
outdrink,8
sool,6
mislabel,6
merge,6
mystify,6
dizzied,6
beseem,7
reimpose,5
preprove,6
exhume,7
unstick,6
pretold,6
embalm,7
outpaint,8
crumbled,6
excised,4
cognised,6
cribble,6
estivate,8
rowelled,7
yean,7
upthrew,6
imbue,7
deferred,7
betaking,8
ensnared,7
redriven,5
restyled,5
sliced,6
stultify,8
feared,6
piddle,7
scrubbed,5
creneled,4
reseized,5
sluiced,4
squashed,6
waive,7
prebeset,7
emblaze,7
curdled,5
vented,7
berrying,4
throning,7
hated,5
lynch,6
uprose,6
overdo,6
hobbing,8
fumigate,7
gnar,5
preact,5
ate,5
repasted,7
shut,5
reshook,7
carried,7
lumining,7
rerank,4
refold,5
regauged,4
dreamed,8
maintain,7
predate,7
noised,7
outgleam,7
manned,6
depute,4
deepened,7
dulcify,7
rebrush,6
grown,6
torched,7
reinvent,7
astrict,7
whiten,6
denuded,6
fadge,8
outstank,7
misform,8
unpasted,6
recage,7
distrain,7
masked,8
twigging,8
outbloom,8
perish,8
outgloom,8
spumed,6
caseate,7
rejoined,5
totted,7
backbit,6
laicized,7
uglify,6
hewed,5
slopped,7
reshine,5
persist,5
oversup,7
outflank,8
chawed,3
lowed,4
floreat,7
tissued,7
overlard,7
debugged,7
agist,7
exported,6
bitten,5
denned,3
canoed,6
misterm,8
outdodge,6
entomb,6
cupped,7
misrate,7
altered,7
bewilder,8
pupping,8
interwar,8
amidate,7
cheezit,4
ceil,7
untuning,7
chugged,8
embezzle,7
shuffled,6
unsole,6
ditched,5
outthrew,6
stowed,6
requote,7
crinkled,8
forgo,5
comply,6
lent,3
relend,4
redig,3
reknit,7
underman,8
accoutre,8
rearmed,6
tickseed,6
retied,3
rotated,4
radioed,6
polarize,7
dislodge,7
detach,6
seceded,5
puddled,6
imagined,4
agatized,7
galavant,7
replaced,5
predried,5
cribbled,8
outsteam,7
mangled,8
outcrawl,6
excrete,7
candled,5
milked,8
outmarch,6
encroach,8
bandies,6
examined,7
knobble,7
deluded,5
gibed,7
underlie,8
outshow,8
digitise,8
endow,5
rehid,6
stinted,5
misdid,6
infused,6
misguide,6
inclose,6
knurled,7
uprouse,5
outprice,7
derated,6
etiolate,7
tapped,6
snowk,5
intwine,7
deration,7
mirrored,6
sipe,6
titrated,6
driveled,8
reattack,7
transude,7
sunbathe,6
deave,5
sized,5
disputed,7
behove,6
unswivel,6
analyzed,6
shored,6
derailed,6
sain,5
unbraid,7
gardened,7
unwedge,7
blocked,8
enthrone,6
unblade,7
reem,6
flitter,6
uprear,5
cometh,6
retted,6
enjoin,6
debited,6
unmake,5
cajole,6
ousted,4
refused,5
relatch,6
based,5
chide,5
docked,6
maunder,7
believed,8
outdwelt,7
glimed,3
gouged,7
misbrand,6
inked,7
etherize,7
shodden,7
reawoke,6
drained,7
labilize,7
resimmer,8
aby,8
unthread,7
emote,6
defended,8
unlash,6
wield,7
repadded,6
indicted,8
curying,8
preguard,7
bent,7
eradiate,6
restamp,7
imputed,8
rebaling,8
stirred,7
misknow,7
covered,6
inject,7
hustled,6
scorched,7
unmate,6
slimmed,7
unhouse,6
bedash,8
mistutor,7
unlimber,7
nourish,5
ochring,6
suberize,7
preaged,5
chucked,7
preknow,7
stummed,7
reflate,4
donate,6
infamize,7
milden,5
miscuing,7
bemaul,6
dagged,5
coupled,7
resoften,7
unzoning,8
reshoot,6
unsex,7
roweling,7
exalt,6
servoed,6
loathe,7
prestudy,7
gummed,5
deice,7
actuated,6
badged,7
reprove,5
reaving,5
rejigger,7
tweeze,5
levied,5
crashed,6
prevalue,6
reutter,5
bestow,6
periled,5
retrade,6
wilted,4
bogged,8
misallot,7
besieged,5
enisle,5
refired,7
disrupt,7
inflated,5
lapped,7
cognise,8
prechart,7
ween,6
bottled,6
deliver,7
insnare,7
equipped,6
droved,3
priced,4
cadged,7
overflew,7
remanded,7
outawing,8
educed,7
overslip,7
raddled,5
effaced,7
mensing,6
inter,4
regel,6
condemn,7
outrave,6
rearouse,7
outhurl,6
restuff,7
unmerge,6
resewed,4
agreed,6
redraw,7
pitched,5
schemed,8
outsally,7
saddled,6
misaward,8
notify,6
coddled,7
recopy,7
exorcize,8
rehemmed,6
filled,3
helved,8
encaging,5
retying,6
leagued,5
depend,5
graven,5
reweaken,7
capsuled,7
outlive,5
extrude,6
busted,6
efface,6
cliqued,6
pupate,7
pestling,8
fordo,7
stringed,7
predamn,6
coved,6
reminded,5
relevel,7
outdrive,8
remelt,5
knew,5
eying,8
insphere,7
frozen,6
fuelling,7
candied,7
preenter,7
azotise,7
outfool,5
infold,5
allowed,7
civilise,7
reshare,6
eroded,6
embitter,7
hijacked,7
pissing,7
flubbed,4
sublet,6
imparl,7
tricked,6
pretell,8
outwrung,8
defuzed,5
searched,5
scarify,6
stylized,5
fueled,7
flamming,7
edified,7
outban,6
becrawl,6
bulged,5
resowed,4
readd,6
outrated,6
chunter,7
reforged,7
dishevel,7
surfaced,7
reappeal,8
vitalize,5
startle,5
unmitre,7
eluting,6
outrogue,8
snigging,7
sparred,7
dismast,7
eke,3
miked,5
pledged,6
redrove,5
bestrown,7
refuted,7
allocate,7
rang,6
chinned,6
furrowed,5
burke,6
bestrewn,5
descry,6
neutered,8
known,6
gelded,4
grovel,6
becalm,5
rocked,4
bigged,5
defer,7
eclipsed,5
slubbed,8
outdance,6
interlie,8
juiced,4
exuded,4
gabbed,5
outjet,7
deionize,6
codify,6
salted,5
mitch,5
slain,4
stated,5
darken,4
debark,6
updo,5
fraze,6
novelize,6
oversewn,7
tailed,3
waffled,7
retear,6
slaked,6
specify,6
creolize,5
preoccur,7
metring,6
respace,8
outcheat,5
outgone,7
elicit,8
purposed,7
preaging,8
obturate,4
venerate,8
cabbing,7
liquate,6
palter,7
enspirit,7
unthrone,6
intwist,7
overwhip,8
crusted,7
verify,7
buckled,6
desex,6
unveiled,7
depict,5
shalt,7
fleying,4
splining,8
beetled,5
stooped,7
fluing,7
rebated,4
redeemed,5
reexpand,5
rasped,6
discover,6
minted,5
frivoled,5
cupeled,5
divulsed,7
oxidate,6
deleted,6
carcased,7
backcomb,7
cating,6
chirred,7
discase,6
berhyme,7
financed,6
misgave,7
keynoted,6
fragged,7
outrick,7
displace,7
threaded,8
afflict,6
gollop,7
outspurt,8
atomised,7
regrip,6
awoken,5
piking,6
abused,7
suffice,7
retold,5
abated,8
besought,8
gamboled,6
relined,6
doctored,5
could,5
perused,4
persuade,7
infested,8
misally,7
undrest,6
awarded,6
nidified,6
demanded,7
outrank,5
overtax,3
overply,7
canalled,8
sloking,7
prenote,4
relume,8
shogging,5
exciding,6
diced,3
downed,7
paizing,7
adjudged,7
fluking,6
hounded,6
impolder,7
enrage,5
snuck,7
preedit,7
lettered,8
disavow,6
doped,7
hawsing,7
outecho,6
uncake,4
inhume,5
nobble,6
engrain,6
unwound,6
adhered,5
creased,5
quadded,8
motivate,7
donning,8
mittatur,6
unchair,7
redroop,7
emptied,7
instruct,8
vanned,6
fettered,5
besotted,4
scatted,6
unbud,4
rogued,5
devoured,6
librated,5
retried,5
uti,8
disposed,7
outslid,7
subinfer,6
augured,5
coked,5
flailed,5
feeing,6
outsaw,5
subtract,6
exsect,6
preaver,7
explore,6
enriched,5
expended,6
resew,7
adffroze,8
buddled,5
balanced,8
dipt,5
repone,5
memorize,7
bandied,7
cuittle,7
beautify,8
overfeel,8
vrilling,7
hid,3
sided,4
expired,7
populate,6
redare,5
rasing,5
obsess,7
insolate,8
chummed,6
disband,8
engirdle,7
impend,7
upsurged,6
ranked,6
presaw,6
rehonor,6
renegate,6
elapse,6
disobey,6
torrefy,5
roose,5
joypop,8
verified,7
connote,6
angered,5
spanned,6
possess,5
forspeak,7
reyoked,5
trailed,8
disherit,7
abscond,6
connoted,6
unroof,6
outttorn,8
crankled,5
holed,4
kittled,6
excite,6
slubber,7
reimply,7
finnick,7
regrow,7
inshrine,7
collogue,8
thwarted,7
reattain,8
suckled,6
reive,6
ascribed,7
reassign,7
outpick,7
resweep,6
flecked,7
waul,4
tamed,7
preteach,7
degold,7
infract,7
silvered,8
bechance,7
acetify,8
griddled,6
preadapt,8
esteemed,6
emplane,7
assess,5
filed,4
remixed,6
recreate,7
foisted,6
opalized,6
rooved,3
footled,8
onlaying,8
retool,8
jigsawed,7
acerbate,8
muniting,6
solicit,7
displode,7
prevoid,5
driven,4
ised,3
roved,6
reassess,6
waned,5
reink,6
depress,6
mitring,7
reseed,8
intubate,6
mediated,6
doodled,8
reaffirm,8
pushed,6
enact,6
scabble,6
inscroll,7
espouse,5
previse,7
impeded,7
regrate,6
rarefied,7
boozing,5
bist,6
mudcap,5
outwait,4
outbuild,6
redried,7
totalize,6
opaqued,6
famish,6
outwile,7
shocked,5
subsided,8
reallege,7
pize,6
anteing,7
braved,8
outfling,4
gaggling,7
outbid,6
featured,4
negated,5
plied,5
raptured,8
preomit,7
surveyed,7
arriding,8
paneled,3
paved,5
connived,6
realise,7
purred,7
abolish,7
pester,6
confirm,7
metaled,7
endamage,8
crapping,7
bidden,6
imitate,7
elegized,6
dumped,6
haling,5
aged,5
fumbled,6
bedew,5
roofed,6
canst,8
overween,5
hoarsen,6
ransack,8
ungirded,6
squeezed,6
refried,4
garred,6
betoken,5
staled,5
inlaid,4
retain,3
detained,5
demonise,7
trouping,8
pestled,6
inspect,7
miching,7
iridized,6
perfused,7
oversalt,8
invoke,5
zincify,6
toling,5
nogged,8
recircle,6
miched,7
outgaze,7
engulfed,5
unhooked,3
unhinged,8
appall,6
nosed,5
doling,6
outslide,7
braced,6
reprune,5
secern,8
tattooed,7
purloin,7
recalk,7
brokered,5
outweed,5
platted,8
bobbling,6
outrant,7
knolled,6
abscised,8
slugging,7
aerified,6
jemmying,8
swelled,6
incage,6
reft,6
sparged,5
taught,5
hedged,5
rile,6
crusaded,7
bedim,6
stepped,6
reformed,6
amidated,5
vamped,7
gnarring,7
outwish,7
missent,6
recane,6
overseen,8
stagnate,7
unbuckle,8
rerating,6
sorted,4
delated,5
sufflate,8
enrich,6
hurtled,6
deployed,8
fifing,8
bedazzle,7
reburied,6
spitted,5
rive,5
shorn,5
deek,7
phonate,7
imply,7
labeling,7
allayed,5
retraced,7
vilipend,5
refind,6
stapled,6
pacify,6
holpen,6
novelise,7
purled,5
cheated,5
rewarded,4
repave,4
velated,6
redo,5
hacked,8
liberate,5
threaten,8
undid,8
carburet,7
headed,4
tabbed,7
entwist,7
repack,7
clammed,5
grimaced,5
neumed,5
upset,6
outrail,5
unbale,6
quilted,4
bridged,7
outsell,6
elude,5
guised,7
disclose,7
vivisect,7
pretired,6
bet,7
outswarm,7
depilate,8
burdened,8
misclass,8
argufy,6
batched,6
japing,8
subdated,8
imperil,7
backwind,6
agnizing,8
devour,8
splashed,3
polished,8
enwreath,8
ravaged,6
cleanse,6
hemmed,5
onlaid,6
vaunted,8
repeddle,7
spoken,4
ported,4
nitrated,6
groused,6
weaken,5
hobbed,6
snaffled,6
shrive,5
worrit,6
catted,6
resow,6
racemize,7
misdone,7
repining,7
cockbill,7
kited,7
rearose,5
recolour,6
uncoring,7
redivide,7
avenged,7
outhunt,7
whisked,6
outdid,7
sightsee,6
disseize,7
knead,8
cuttling,7
restyle,7
outgnaw,6
ledging,7
outvaunt,8
reasoned,6
impaled,6
chinse,6
inscribe,7
fiercen,7
tunning,7
outheard,6
reveled,5
frugged,6
lessened,6
infolded,6
attrited,6
redared,6
kyanised,5
emended,6
necrose,6
regaled,6
actuate,6
scissor,6
swollen,7
conduce,6
miswire,7
oversew,7
skintle,7
condense,6
evened,5
ablated,5
dutied,6
rebooted,4
deserted,6
traded,6
cemented,6
swonken,6
ascribe,6
maltreat,8
embosk,6
bailed,6
unrip,6
laicise,6
conceal,6
chackled,5
hastened,8
belabor,6
heized,6
rabbeted,8
outdwell,7
foredoom,8
enswathe,8
vilified,6
emblazed,7
degauss,7
tripled,6
replunge,7
greeted,6
costumed,6
restruck,6
rehoning,6
respray,6
superadd,5
swiped,5
lasered,5
reseat,6
perdure,8
touzling,4
moseying,6
wooed,6
pampered,7
redecay,8
absolved,7
clipt,8
impugned,5
typed,6
deframed,7
itemize,7
encamp,6
clinched,7
mutate,5
outstorm,8
dinned,5
guarded,6
mosey,4
awoke,5
larrup,5
placate,7
decrypt,6
beveled,7
lignify,7
doest,4
coerce,6
drank,7
outstunt,7
mated,3
planted,7
emerize,6
bedaub,5
subedit,5
undo,6
listed,4
pursued,6
ratified,6
observed,6
luted,8
appraise,7
reshaped,5
spoked,5
excused,8
assemble,6
fribbled,7
allot,5
hackled,3
caroled,7
require,5
deputed,6
outraced,6
jabbered,7
debunk,6
illumed,5
clype,5
posed,4
elope,6
oversate,6
combated,6
required,7
disburse,8
matted,7
relimit,6
toled,4
adopted,6
retained,6
murmured,7
reglaze,6
defiled,7
relegate,7
patted,4
retiled,7
misrely,6
gestate,7
bogging,7
regorged,5
relead,5
brey,6
trenched,5
rehire,5
cising,6
bullied,5
lit,4
spied,6
redrug,6
skimp,6
outran,6
confound,8
berascal,6
rehandle,8
skirted,5
thirl,5
vivify,6
abduce,7
troking,6
deratize,5
bromise,6
fugle,5
haded,5
slugged,6
gawp,6
remend,5
refitted,5
dipped,8
lustrate,7
reseason,8
outsigh,6
ratten,7
discrown,6
reshaken,6
derange,6
unplan,8
reshower,6
unwwoven,6
convolve,7
mackled,5
recode,5
unhorse,6
outshown,8
boarded,6
illume,6
ripened,7
intrust,7
predraw,4
preknown,7
outplan,7
becloud,7
outbreed,7
refile,5
resawing,8
sledded,5
polled,6
desalt,6
caviled,6
promoted,7
recchose,6
deiced,6
recarry,7
grinned,5
drew,5
fugled,4
frapped,7
carnify,6
am,7
preopen,5
plumbed,5
anteed,5
adsorbed,8
estating,6
enskied,5
hirpled,7
blown,6
expect,6
overedit,6
outedged,5
motored,7
evanish,7
outpoll,8
classify,8
repursue,7
fulled,4
growled,6
outwent,8
reladled,4
mailed,8
progging,8
delude,4
dazed,7
enkindle,7
primed,7
outgrow,6
met,5
relight,7
ovewound,7
frazed,8
stooging,8
crimped,6
replated,6
kippen,6
smudged,7
vilify,7
blatted,6
partook,8
exempted,6
bounded,4
lodged,5
branned,7
renotify,8
chiack,7
bedevil,6
minded,7
devoice,7
branded,4
glaired,8
unbutton,7
bogued,5
dimpled,5
fallen,7
curarize,8
overlaud,6
worked,5
doeth,6
dagging,7
pregrade,8
japanned,6
daiker,6
fidging,6
hogtie,7
unbudded,7
knit,6
encipher,6
unzoned,5
scolded,7
unhuddle,5
unzone,7
amputate,8
steadied,7
overpark,8
swindled,7
redug,6
reanoint,7
outbleat,8
gliming,7
spay,6
deraign,6
replane,5
zapping,6
palpated,5
accented,5
elicited,4
licensed,6
expose,7
unbridle,6
cabbled,5
deadened,6
mistune,7
deducted,4
derust,7
incited,5
alarmed,5
enskyed,7
gunkhole,6
quashed,8
annotate,7
reest,5
relabel,6
piped,5
abound,7
nauseate,6
uspoken,6
decern,7
attacked,6
copped,7
refilter,7
apprise,7
twitted,8
hennaing,6
reseize,7
outcaper,7
forgiven,6
grunted,5
divined,6
deprave,7
outtower,8
gloving,6
deified,6
staning,6
finned,7
reselect,6
retorted,6
outsit,5
equip,6
cheesing,7
yirr,6
sanded,5
antecede,5
overeye,8
recodify,8
unswear,5
unhand,7
canalise,7
durst,7
cleansed,8
unsprung,8
divested,6
regrew,6
lumined,5
mudding,7
undammed,7
superlie,8
jauk,8
prebored,7
henpeck,7
springed,6
leveed,5
degassed,6
fired,5
repot,6
attemper,7
scrawled,6
digested,3
nested,5
pervaded,6
rewound,5
perdured,8
outweary,7
edify,7
divinize,7
subsume,6
exsolve,8
incaging,7
erased,6
outbake,7
excluded,5
mauled,6
analyse,6
followed,8
outslang,8
belittle,6
facetted,6
descaled,5
humbled,6
rebut,5
repined,5
tabooed,6
nazify,7
pickled,6
prerent,6
ribbed,6
bypassed,6
matured,6
berate,6
flown,7
verbify,8
enscroll,8
tilled,6
rewarm,7
adorned,7
shall,6
entrap,7
trimmed,7
outroot,8
reinfuse,7
surmised,6
owed,3
loaned,6
finessed,6
teethe,6
ebonise,5
demised,5
chadded,7
insist,7
flummox,6
remade,7
invested,8
outbar,8
enlisted,5
fluxed,4
welled,5
exert,6
retaught,8
collying,7
pocketed,5
repotted,6
whitened,7
compile,5
opened,7
reawaken,6
rivetted,7
venging,5
ferried,7
preimbue,8
enweaved,6
hooted,8
resubmit,8
ozonized,5
rehoned,5
predrove,4
promote,8
refrying,7
bettered,6
outhear,7
soddened,8
outbrave,8
clomb,7
gabbling,7
adored,8
humidify,7
veiled,3
waived,6
outrival,8
empurple,6
outsmile,7
slated,4
billeted,3
depleted,6
provoked,6
cambered,8
precook,7
copyread,6
clepe,6
recaged,6
succuss,6
chevies,6
resail,6
timed,8
unffroze,8
hying,6
outslink,8
preagree,8
unplug,7
stroked,4
sken,6
braise,4
elapsed,5
vexed,7
subserve,6
kissed,6
degraded,6
scuffed,6
unlay,7
misrated,6
recalled,6
conceded,8
outdrawn,7
withheld,7
landslid,6
admixed,5
crafted,6
drabbing,8
wired,5
should,5
psyched,6
wrote,6
regather,6
secede,6
overseed,4
overvary,8
rebutted,4
abducted,8
vitalise,7
layered,6
revile,4
behave,6
reattest,7
blotched,6
disliked,5
massed,5
egest,4
dreamt,7
velured,7
tabbing,7
quoth,6
outwhirl,8
spackled,8
baronize,7
sampled,4
stropped,6
reshew,6
knitted,7
outcrept,6
recrate,3
relace,5
spue,5
slacken,7
declass,7
unbaled,6
sadden,7
released,6
fooled,5
outtold,7
declined,7
unrig,6
condone,7
belaud,7
focalise,7
munited,7
engrave,7
soften,7
oppilate,7
meting,7
resketch,8
scourged,8
finick,7
tailored,8
outfeast,6
hutting,6
gentled,7
awing,7
occlude,6
daubed,5
frounced,8
ycleping,7
envelop,8
politick,8
embedded,7
reweigh,7
madden,6
dewater,5
duelled,7
torn,7
straggle,8
decided,5
gestated,6
charmed,6
purified,5
cuittled,6
decoyed,4
scaled,7
saponify,8
outfeed,6
seise,5
unpen,5
outrung,8
frazzled,7
preburn,7
redeploy,7
zapped,4
flyted,6
renail,4
pretrain,7
juicing,4
outbring,7
gobbled,6
prebill,7
iwound,5
powered,8
misapply,8
fadging,3
fetting,7
hoised,6
grabbled,8
refixing,6
reshut,7
outchide,5
outwell,6
decreed,4
digged,7
regiving,8
sinuated,4
stuffed,8
rebleach,7
aborted,7
unmast,7
creping,5
berime,6
upgraded,8
sconcing,7
knotted,6
overused,8
reinvite,8
took,5
amate,6
regraded,5
bename,7
grumbled,7
deem,8
outflash,8
begrime,6
immix,6
dwined,5
sung,4
sensed,6
reassist,8
pickeer,7
christen,4
refasten,7
subdue,6
filmset,6
embower,6
recoin,6
slotting,8
educe,4
trounce,6
dredged,7
denazify,8
uncredit,6
enameled,6
blitzed,8
quadding,8
recrated,4
became,4
cremate,6
troweled,6
lynched,7
valuate,7
reemerge,7
flurried,6
oversold,8
kiting,8
emmarble,8
intoned,5
valeted,8
frugging,7
curdle,5
houseled,7
imbitter,5
metred,6
engulf,6
obnounce,7
barred,6
reguided,3
recoded,5
reffelt,6
unwall,6
izing,7
unwedged,7
cognize,7
remaster,7
iridize,7
deburr,7
crouched,3
courted,5
bete,5
begrimed,7
overmill,7
peptized,6
trigged,8
hassling,7
mined,7
promulge,8
detrain,6
remodel,5
commove,7
adjusted,7
generate,6
shrank,7
outboast,8
edged,5
granted,5
parodied,6
retuned,4
eloped,7
preguide,7
overclog,8
acylated,6
outsped,6
ungagged,8
discept,8
garotted,6
revered,6
twiddled,7
shend,5
scribed,7
relance,6
vialed,4
prised,6
inlaw,7
underdry,7
strewed,5
roused,4
tauten,6
gemmated,5
outawed,6
exsolved,5
outlled,5
scathed,5
taken,6
misbind,5
winned,3
missed,8
outlabor,8
fluidize,6
scurries,7
reinter,8
wimbling,7
floruit,7
magging,8
insnared,5
chinsed,7
mistime,6
allude,5
gleaned,6
reoil,5
revetoed,7
prearm,5
reclasp,7
dapping,7
traced,5
redip,6
uniced,6
captured,4
tittuped,7
resurge,5
rwound,5
strowed,5
traject,8
vinified,5
instill,8
redacted,6
towelled,5
appended,6
outroved,3
outpaced,6
azotized,5
cosed,5
halloed,7
reman,6
halved,6
rebake,6
wot,7
crenated,6
irrupt,5
outspy,6
manet,4
deafen,7
hagride,7
indebt,7
crapped,7
unbay,6
refeed,4
pregreet,7
clasped,6
shrilled,6
updated,5
loped,7
misprize,7
bilged,4
quelled,7
impair,7
overrate,7
jaywalk,5
arylate,5
eluviate,8
gadded,6
drumbled,6
obtruded,6
ablate,5
retack,6
leashed,7
fulfill,7
gammed,6
mortised,5
bouse,5
refuel,6
clotted,8
resummon,7
empower,6
mingled,5
cloaked,4
relayed,5
abashed,4
bombed,5
smoodged,4
podded,4
rested,4
rejudged,8
outdrank,7
forgat,8
redecide,6
dacker,7
hostaged,6
shunned,6
embalmed,5
carolled,4
grossed,6
confuted,8
rebank,6
preroute,6
remill,6
pureed,4
outbeg,6
aerated,5
rebrew,5
jellied,5
bruited,5
deaved,5
choused,5
gnarred,7
evanesce,7
reaccept,8
outdone,6
reroll,3
rehaul,7
counted,8
misdealt,8
revolved,4
resound,5
rehanged,6
wiggled,6
tarries,7
contort,6
pinned,6
deplete,6
fudged,6
molest,6
ordain,8
filtered,8
stumming,7
dehorn,6
remanned,8
chinsing,8
baptized,8
unleaf,5
unrrove,7
preheal,7
jarp,6
reemit,4
reiced,4
deposed,5
wived,5
azotised,7
civilize,7
outlaid,5
exalted,6
remarry,7
flyte,3
flumed,6
deflect,6
rerate,5
brattled,6
poised,6
imbrue,5
justle,6
besmear,5
prosper,6
domineer,7
refix,7
mimicked,6
uncurd,5
razed,5
educated,7
spun,7
micrify,8
outspell,7
dimmed,4
cawed,6
assure,5
drouk,4
defrost,7
limed,5
directed,7
inclasp,7
dwine,5
embank,5
rewrap,7
outflare,7
impanel,7
bewaring,7
shorted,5
bugged,6
recur,7
outbeam,6
titrate,7
groomed,8
modulate,7
defy,7
fitcher,7
outstood,8
exclaim,7
gessoed,7
outcreep,7
misted,4
whirled,7
disseise,8
uncalk,6
spared,5
outmated,6
vestured,8
whig,5
cadying,7
dispel,5
cowed,5
sainted,6
occluded,6
jaculate,6
enquire,6
redid,5
forego,6
reframe,7
outhowl,5
outvying,8
tranced,8
ambulate,8
unlearnt,7
dappling,8
outwar,5
outvoted,7
incase,6
griped,4
pegged,8
unstring,6
saith,5
roister,6
reboard,6
charred,7
outguess,6
lathed,5
ignited,4
inputted,5
encaged,5
foozled,5
enounced,7
recarpet,6
riveted,5
espied,5
pinge,5
nibbled,5
desalted,5
stacked,3
wrecked,5
jogged,6
bury,7
computed,6
unarmed,7
fixt,6
singled,5
utilized,6
befriend,8
divulse,7
outscore,7
chocked,6
inspired,6
summoned,6
watered,5
poleaxed,7
encode,7
agonized,5
arouse,6
reproved,7
compete,6
prized,6
wanna,6
delating,5
retwine,6
waitlist,7
unblock,7
waffling,8
opt,7
cotising,8
unfurled,6
unprison,8
floured,5
defined,7
outtalk,7
uncover,5
coff,8
animated,5
garaged,8
doweling,6
preside,6
condole,6
ochred,6
sent,7
bandaged,7
liken,7
buttling,7
bromated,6
enplane,6
spilt,5
mumm,7
hearken,5
mourned,7
outthink,8
widened,7
harass,7
osmosing,8
cannot,5
wended,6
outwiled,5
pouched,6
misknew,8
depurate,5
retrain,5
detruded,7
rely,6
retinged,5
reascend,7
siphoned,8
desilt,6
emceed,4
soiled,7
metaling,6
outlast,8
strummed,7
notate,7
strowing,5
induing,6
reedify,5
misedit,6
ensile,6
rebloom,7
unseal,6
looted,3
fogged,5
elected,5
reface,6
notarize,6
ovulate,6
fielded,7
install,8
reworded,5
grouped,6
outtear,6
lactated,5
yclad,6
impute,7
outdress,7
espy,5
heezed,6
unlade,5
outshame,8
preequip,7
laveer,5
lollop,6
flared,8
higgling,8
reassure,6
reified,6
interred,4
retired,8
schmoose,8
willed,6
revamped,6
bridled,5
unpinned,5
minuted,6
fordid,6
recant,5
reverted,3
ejected,6
thrilled,6
retraded,7
belong,6
overgoad,7
renew,7
unpotted,8
frag,7
exhumed,7
refocus,7
starched,6
replumed,4
reblend,6
begot,5
adjust,7
evicted,5
curveted,6
abreact,6
risen,7
overheap,4
overgird,7
outcut,7
stomped,4
yowled,7
preshow,7
sceptred,7
benempt,7
outrate,7
sintered,6
havocked,7
glorify,8
expiated,8
reverify,7
burled,4
outbud,5
blunted,5
relevied,6
aneling,5
regild,5
mislled,5
showed,5
loosened,6
misbrew,6
resold,4
relevy,5
unlived,6
encash,5
planish,6
reared,6
mixt,7
snapped,5
revived,6
aggraded,6
pecked,5
excreted,6
attended,5
regarded,6
unfiled,7
asperse,6
indexed,7
reargue,6
grazed,6
burring,7
mapped,5
rerated,7
unsphere,7
outdared,6
contuse,7
excepted,6
disarmed,8
redeny,6
foreknew,6
goggled,5
farced,3
hurled,3
parked,3
waled,5
sticked,5
reicing,7
outdate,6
managed,4
prigged,4
bludged,4
hutted,5
untack,6
cuddled,3
bedded,4
piked,5
studied,5
beamed,5
jewelled,6
lunged,4
